﻿<?xml version="1.0" encoding="utf-8"?>
<Applications>
  <Application AppId="3">
    <FormId>1662</FormId>
    <FirstName>Mark</FirstName>
    <LastName>Heller</LastName>
    <Address1>125 East Main Street</Address1>
    <Address2>Apt 3</Address2>
    <City>Los Angelas</City>
    <State>CA</State>
    <Zipcode>99123</Zipcode>
    <Telephone1>978-555-1215</Telephone1>
    <Telephone2>978-556-1215</Telephone2>
    <Birthdate>12/20/1972 12:00:00 AM</Birthdate>
    <Benefit>200000</Benefit>
    <SignedAtState>GA</SignedAtState>
    <CWA>Yes</CWA>
    <Relationship>1</Relationship>
  </Application>
</Applications>